hidden_dim,n_layers,lr,batch_size,weight_decay,alpha,wl_mean_rmse,Q_mean_rmse,wl_std_rmse,Q_std_rmse
64,2,0.0001,32,0.0,1.0,0.11662499,75.986755,0.017239202,16.79703
64,2,0.0001,32,0.0,2.0,0.12093242,78.46377,0.017314453,17.678968
64,2,0.0001,32,0.0,3.0,0.12771447,80.17047,0.01645373,17.857794
64,2,0.0001,32,0.0,4.0,0.13198516,81.74931,0.017803472,16.987885
64,2,0.0001,32,0.0001,1.0,0.11660471,77.28148,0.016372114,17.291847
64,2,0.0001,32,0.0001,2.0,0.12312879,77.72046,0.01714921,18.970387
64,2,0.0001,32,0.0001,3.0,0.1269861,79.838486,0.01696886,16.73957
64,2,0.0001,32,0.0001,4.0,0.13165098,81.42442,0.01706731,16.88146
64,2,0.0001,32,0.001,1.0,0.116037704,76.60007,0.016433364,17.325893
64,2,0.0001,32,0.001,2.0,0.12210935,77.4361,0.016825914,18.528242
64,2,0.0001,32,0.001,3.0,0.1271812,80.0197,0.01599172,17.008478
64,2,0.0001,32,0.001,4.0,0.13149282,81.80107,0.016462076,17.241522
64,2,0.0001,32,0.01,1.0,0.11135437,74.27485,0.015677018,16.43149
64,2,0.0001,32,0.01,2.0,0.115958214,77.2429,0.016523348,17.236956
64,2,0.0001,32,0.01,3.0,0.12120958,79.7286,0.015757572,17.361134
64,2,0.0001,32,0.01,4.0,0.12894824,81.833534,0.015348145,17.871698
64,2,0.0001,64,0.0,1.0,0.12721488,79.18098,0.012641757,18.5626
64,2,0.0001,64,0.0,2.0,0.1326671,81.9366,0.015152664,20.392372
64,2,0.0001,64,0.0,3.0,0.13836558,84.74325,0.01762431,20.708574
64,2,0.0001,64,0.0,4.0,0.14567006,87.114944,0.01984204,21.695896
64,2,0.0001,64,0.0001,1.0,0.12629205,78.73277,0.011920606,18.568163
64,2,0.0001,64,0.0001,2.0,0.13107124,81.49477,0.01499973,19.882324
64,2,0.0001,64,0.0001,3.0,0.13632898,84.16972,0.01746744,20.570356
64,2,0.0001,64,0.0001,4.0,0.14323926,86.67827,0.018550187,21.298733
64,2,0.0001,64,0.001,1.0,0.125046,78.741585,0.01214097,18.104155
64,2,0.0001,64,0.001,2.0,0.13045746,81.43186,0.014872246,19.787697
64,2,0.0001,64,0.001,3.0,0.13513987,84.18587,0.017436208,20.527306
64,2,0.0001,64,0.001,4.0,0.14289731,86.80705,0.01875693,21.169361
64,2,0.0001,64,0.01,1.0,0.12577708,78.57982,0.012458647,18.671492
64,2,0.0001,64,0.01,2.0,0.13013147,81.90718,0.0150655955,19.829153
64,2,0.0001,64,0.01,3.0,0.13683815,84.88154,0.017284954,20.563532
64,2,0.0001,64,0.01,4.0,0.14488314,88.67183,0.020250268,21.221552
64,2,0.0005,32,0.0,1.0,0.06700152,48.032562,0.019946069,8.973542
64,2,0.0005,32,0.0,2.0,0.064437956,47.06509,0.023228368,10.026535
64,2,0.0005,32,0.0,3.0,0.065145984,49.593956,0.025960822,9.368425
64,2,0.0005,32,0.0,4.0,0.0616363,48.105957,0.028087715,9.053771
64,2,0.0005,32,0.0001,1.0,0.06824894,47.708973,0.019895017,10.133408
64,2,0.0005,32,0.0001,2.0,0.061074454,46.36136,0.024389569,10.6293955
64,2,0.0005,32,0.0001,3.0,0.063280135,47.40264,0.024021352,11.643678
64,2,0.0005,32,0.0001,4.0,0.05836606,45.658146,0.03031403,10.1040325
64,2,0.0005,32,0.001,1.0,0.06707156,48.260925,0.022700153,9.211429
64,2,0.0005,32,0.001,2.0,0.064051405,49.163723,0.024113132,9.489852
64,2,0.0005,32,0.001,3.0,0.061130475,47.667007,0.027588306,11.421339
64,2,0.0005,32,0.001,4.0,0.055406265,46.01829,0.02753999,10.268256
64,2,0.0005,32,0.01,1.0,0.08079701,50.628876,0.025136504,10.236643
64,2,0.0005,32,0.01,2.0,0.07753931,52.533886,0.025541466,10.260411
64,2,0.0005,32,0.01,3.0,0.07514157,53.321514,0.026513223,10.59775
64,2,0.0005,32,0.01,4.0,0.074615546,53.60503,0.02428306,10.450665
64,2,0.0005,64,0.0,1.0,0.085848436,52.84074,0.022012904,9.252621
64,2,0.0005,64,0.0,2.0,0.08196733,54.06975,0.02697736,8.578442
64,2,0.0005,64,0.0,3.0,0.08251779,55.68949,0.02804764,7.771676
64,2,0.0005,64,0.0,4.0,0.0792968,55.09679,0.030305676,9.990473
64,2,0.0005,64,0.0001,1.0,0.08319824,52.77404,0.024561403,9.623224
64,2,0.0005,64,0.0001,2.0,0.07996614,53.597168,0.026862985,8.229943
64,2,0.0005,64,0.0001,3.0,0.08084614,56.415718,0.029919736,7.301191
64,2,0.0005,64,0.0001,4.0,0.07914971,55.48703,0.030913731,9.093885
64,2,0.0005,64,0.001,1.0,0.08357364,52.47764,0.02388101,9.858424
64,2,0.0005,64,0.001,2.0,0.08176929,53.17455,0.027629225,8.370919
64,2,0.0005,64,0.001,3.0,0.08179329,56.702465,0.028538026,7.2587795
64,2,0.0005,64,0.001,4.0,0.07859857,54.594826,0.030101756,9.913786
64,2,0.0005,64,0.01,1.0,0.08735085,53.82702,0.023256563,10.572706
64,2,0.0005,64,0.01,2.0,0.08711307,56.453033,0.025799831,10.123225
64,2,0.0005,64,0.01,3.0,0.08498216,57.22756,0.025787916,10.659879
64,2,0.0005,64,0.01,4.0,0.08586446,58.800804,0.025411956,9.617226
64,2,0.001,32,0.0,1.0,0.0387506,38.454,0.01247512,11.752049
64,2,0.001,32,0.0,2.0,0.037883937,36.599075,0.015001759,10.926132
64,2,0.001,32,0.0,3.0,0.03674012,37.473427,0.014223917,11.659729
64,2,0.001,32,0.0,4.0,0.034680303,34.74018,0.015508772,11.593114
64,2,0.001,32,0.0001,1.0,0.03814428,38.379734,0.013234862,10.812683
64,2,0.001,32,0.0001,2.0,0.0342907,37.33206,0.012671307,11.503016
64,2,0.001,32,0.0001,3.0,0.034771767,37.961685,0.011074553,11.621224
64,2,0.001,32,0.0001,4.0,0.033450846,36.529457,0.011549977,10.170777
64,2,0.001,32,0.001,1.0,0.042486794,41.224,0.014436315,9.257272
64,2,0.001,32,0.001,2.0,0.036152262,37.595207,0.011033441,9.355824
64,2,0.001,32,0.001,3.0,0.03535231,38.640663,0.01289909,11.529867
64,2,0.001,32,0.001,4.0,0.032981817,37.637497,0.01102642,11.13107
64,2,0.001,32,0.01,1.0,0.06699222,44.770683,0.022273997,8.136908
64,2,0.001,32,0.01,2.0,0.06798613,47.16126,0.028514989,8.502736
64,2,0.001,32,0.01,3.0,0.065032735,48.119007,0.026619256,10.18782
64,2,0.001,32,0.01,4.0,0.061463185,46.861412,0.023660595,11.140587
64,2,0.001,64,0.0,1.0,0.054845087,44.57705,0.014162556,9.990538
64,2,0.001,64,0.0,2.0,0.055232793,43.777374,0.018335622,11.396851
64,2,0.001,64,0.0,3.0,0.04918158,43.009823,0.020729149,11.492757
64,2,0.001,64,0.0,4.0,0.050362192,42.355698,0.020281794,10.626312
64,2,0.001,64,0.0001,1.0,0.051319968,41.706226,0.0146380225,10.895434
64,2,0.001,64,0.0001,2.0,0.05157906,44.04817,0.018906923,10.063955
64,2,0.001,64,0.0001,3.0,0.042233486,41.84197,0.016723394,11.720039
64,2,0.001,64,0.0001,4.0,0.04290124,40.179012,0.017624402,10.162239
64,2,0.001,64,0.001,1.0,0.055907898,42.972694,0.019246303,9.43509
64,2,0.001,64,0.001,2.0,0.056765318,44.889946,0.021485478,10.075932
64,2,0.001,64,0.001,3.0,0.043944657,41.084267,0.015653007,10.89602
64,2,0.001,64,0.001,4.0,0.042663235,39.119484,0.018059364,12.762756
64,2,0.001,64,0.01,1.0,0.075857356,47.49653,0.023761867,8.500241
64,2,0.001,64,0.01,2.0,0.077173516,49.795265,0.030228905,9.937187
64,2,0.001,64,0.01,3.0,0.07464585,51.222767,0.029659582,10.962476
64,2,0.001,64,0.01,4.0,0.073307365,51.65055,0.027390247,10.977097
64,2,0.005,32,0.0,1.0,0.03176687,28.095987,0.014435216,7.9337864
64,2,0.005,32,0.0,2.0,0.02561124,27.052155,0.016286714,8.087446
64,2,0.005,32,0.0,3.0,0.027294198,28.545635,0.007854052,3.1201386
64,2,0.005,32,0.0,4.0,0.028009051,29.037104,0.013479314,4.388627
64,2,0.005,32,0.0001,1.0,0.026052505,27.726583,0.010930338,5.366655
64,2,0.005,32,0.0001,2.0,0.026296297,26.541332,0.011235356,6.069255
64,2,0.005,32,0.0001,3.0,0.02949876,26.948837,0.00755972,6.2026067
64,2,0.005,32,0.0001,4.0,0.03031997,27.080435,0.012035798,3.9526322
64,2,0.005,32,0.001,1.0,0.027309824,29.262379,0.006856022,4.533456
64,2,0.005,32,0.001,2.0,0.03091995,27.302841,0.0074423393,3.9035878
64,2,0.005,32,0.001,3.0,0.027797509,28.898489,0.005550317,5.0400853
64,2,0.005,32,0.001,4.0,0.030647859,27.424356,0.0056137913,5.621249
64,2,0.005,32,0.01,1.0,0.05729563,37.930946,0.019559942,9.48674
64,2,0.005,32,0.01,2.0,0.05589386,38.084785,0.017696064,9.395213
64,2,0.005,32,0.01,3.0,0.052633107,38.343235,0.012787146,12.448483
64,2,0.005,32,0.01,4.0,0.050798904,37.473175,0.0131823765,9.941225
64,2,0.005,64,0.0,1.0,0.034552537,33.168526,0.015568308,8.895643
64,2,0.005,64,0.0,2.0,0.031473357,30.875544,0.008911133,7.42772
64,2,0.005,64,0.0,3.0,0.03522497,30.285206,0.008517683,4.7378845
64,2,0.005,64,0.0,4.0,0.032890923,33.428886,0.008517709,5.842744
64,2,0.005,64,0.0001,1.0,0.027778586,32.551186,0.010802476,8.385817
64,2,0.005,64,0.0001,2.0,0.0320316,30.227692,0.009725448,5.8950257
64,2,0.005,64,0.0001,3.0,0.03080684,29.924082,0.012612786,5.4780717
64,2,0.005,64,0.0001,4.0,0.03417291,30.238052,0.0062702727,6.3122873
64,2,0.005,64,0.001,1.0,0.030138424,28.486181,0.008740597,5.479328
64,2,0.005,64,0.001,2.0,0.027410436,30.436874,0.008961516,5.4515505
64,2,0.005,64,0.001,3.0,0.028365105,29.819683,0.0065657427,6.2631235
64,2,0.005,64,0.001,4.0,0.03312422,31.572409,0.003981393,5.9325037
64,2,0.005,64,0.01,1.0,0.05755202,39.723274,0.018159429,10.441837
64,2,0.005,64,0.01,2.0,0.054404728,38.123524,0.0193963,10.06559
64,2,0.005,64,0.01,3.0,0.05746854,38.476734,0.01308311,11.232076
64,2,0.005,64,0.01,4.0,0.05356436,38.59322,0.013475089,12.373744
64,3,0.0001,32,0.0,1.0,0.09212735,53.286274,0.019852877,10.529468
64,3,0.0001,32,0.0,2.0,0.09352821,57.57124,0.021130882,9.608198
64,3,0.0001,32,0.0,3.0,0.10008669,59.772045,0.020491702,8.471149
64,3,0.0001,32,0.0,4.0,0.09986248,61.66755,0.020482685,10.706826
64,3,0.0001,32,0.0001,1.0,0.09245875,51.37728,0.018840302,8.629969
64,3,0.0001,32,0.0001,2.0,0.09128704,54.974678,0.020470852,8.120428
64,3,0.0001,32,0.0001,3.0,0.094894566,58.010895,0.021310424,8.532598
64,3,0.0001,32,0.0001,4.0,0.09492196,58.683216,0.019234223,10.532987
64,3,0.0001,32,0.001,1.0,0.09393021,52.800262,0.020080538,10.129509
64,3,0.0001,32,0.001,2.0,0.0942094,56.184326,0.020735906,9.102268
64,3,0.0001,32,0.001,3.0,0.09602223,59.41215,0.018803105,8.027723
64,3,0.0001,32,0.001,4.0,0.096567325,59.70957,0.019099476,10.368787
64,3,0.0001,32,0.01,1.0,0.09443858,51.773357,0.018395739,10.172417
64,3,0.0001,32,0.01,2.0,0.09615102,56.51367,0.017974835,8.393332
64,3,0.0001,32,0.01,3.0,0.098375715,58.758156,0.019413725,8.991128
64,3,0.0001,32,0.01,4.0,0.097652905,60.083508,0.0149779,9.515393
64,3,0.0001,64,0.0,1.0,0.100241445,58.98504,0.019989757,11.175013
64,3,0.0001,64,0.0,2.0,0.10571061,62.107086,0.019071246,10.911471
64,3,0.0001,64,0.0,3.0,0.10822747,65.8293,0.019354708,12.528891
64,3,0.0001,64,0.0,4.0,0.10967126,67.864555,0.019024372,12.617886
64,3,0.0001,64,0.0001,1.0,0.10015794,57.71084,0.020564454,10.572747
64,3,0.0001,64,0.0001,2.0,0.10552053,61.203423,0.019712571,11.072714
64,3,0.0001,64,0.0001,3.0,0.10796647,63.826424,0.019388426,13.240566
64,3,0.0001,64,0.0001,4.0,0.10783174,66.4562,0.017585525,13.041917
64,3,0.0001,64,0.001,1.0,0.09976194,56.407703,0.019650934,11.137399
64,3,0.0001,64,0.001,2.0,0.10540861,60.65987,0.020035505,11.007479
64,3,0.0001,64,0.001,3.0,0.11019437,65.80878,0.018778637,11.888368
64,3,0.0001,64,0.001,4.0,0.110093035,67.52983,0.01771378,12.323417
64,3,0.0001,64,0.01,1.0,0.099250324,58.56701,0.017823497,13.411711
64,3,0.0001,64,0.01,2.0,0.10346389,60.69756,0.017628102,11.405335
64,3,0.0001,64,0.01,3.0,0.109914735,64.906265,0.014696864,11.7884655
64,3,0.0001,64,0.01,4.0,0.1124866,65.967155,0.012672471,13.281457
64,3,0.0005,32,0.0,1.0,0.031680506,31.164051,0.007112006,5.3118286
64,3,0.0005,32,0.0,2.0,0.032373544,30.804281,0.0047843643,4.748855
64,3,0.0005,32,0.0,3.0,0.03341961,31.540411,0.00842768,4.0014753
64,3,0.0005,32,0.0,4.0,0.0322267,31.499897,0.013043072,4.0473356
64,3,0.0005,32,0.0001,1.0,0.033877254,31.050058,0.007439645,6.1023383
64,3,0.0005,32,0.0001,2.0,0.034481764,31.906452,0.004413316,5.151951
64,3,0.0005,32,0.0001,3.0,0.038909853,32.151573,0.009492361,5.5786157
64,3,0.0005,32,0.0001,4.0,0.037530176,30.836063,0.011448287,3.6894107
64,3,0.0005,32,0.001,1.0,0.033256978,31.330114,0.007235228,4.957441
64,3,0.0005,32,0.001,2.0,0.035007253,32.698357,0.005111419,4.5374894
64,3,0.0005,32,0.001,3.0,0.036230825,31.816608,0.0061000152,4.3991613
64,3,0.0005,32,0.001,4.0,0.034381855,31.420359,0.005842384,3.7407048
64,3,0.0005,32,0.01,1.0,0.052331038,36.926125,0.017084459,6.5067153
64,3,0.0005,32,0.01,2.0,0.053028993,36.232746,0.0133273015,7.8615227
64,3,0.0005,32,0.01,3.0,0.053764306,36.861946,0.011791597,7.9560804
64,3,0.0005,32,0.01,4.0,0.052124005,37.63257,0.010734976,8.156726
64,3,0.0005,64,0.0,1.0,0.03658756,35.27547,0.006564264,6.0475807
64,3,0.0005,64,0.0,2.0,0.03668974,34.13545,0.0056513995,3.2626212
64,3,0.0005,64,0.0,3.0,0.0358809,35.6245,0.00603124,7.695254
64,3,0.0005,64,0.0,4.0,0.037708044,35.608517,0.008110817,7.916948
64,3,0.0005,64,0.0001,1.0,0.03436978,34.359478,0.006587803,6.293918
64,3,0.0005,64,0.0001,2.0,0.041348092,33.268738,0.007468535,5.603014
64,3,0.0005,64,0.0001,3.0,0.039069336,34.889427,0.012554533,6.8771544
64,3,0.0005,64,0.0001,4.0,0.042727,34.855434,0.011852347,4.65791
64,3,0.0005,64,0.001,1.0,0.040573277,34.471165,0.007822229,6.665955
64,3,0.0005,64,0.001,2.0,0.039613657,34.298607,0.009208224,6.003645
64,3,0.0005,64,0.001,3.0,0.03622595,33.98101,0.0051972624,5.9086123
64,3,0.0005,64,0.001,4.0,0.0383032,34.442554,0.0094934935,3.5101032
64,3,0.0005,64,0.01,1.0,0.06006164,38.822395,0.017397216,6.921062
64,3,0.0005,64,0.01,2.0,0.06210289,40.444305,0.015466142,6.756406
64,3,0.0005,64,0.01,3.0,0.059436966,39.896996,0.012414365,6.442513
64,3,0.0005,64,0.01,4.0,0.057833858,40.549633,0.012524406,5.9479713
64,3,0.001,32,0.0,1.0,0.029638141,29.482193,0.005287206,5.2083516
64,3,0.001,32,0.0,2.0,0.03554784,30.893103,0.007288652,7.1965823
64,3,0.001,32,0.0,3.0,0.033702154,30.575352,0.0030260743,4.4791574
64,3,0.001,32,0.0,4.0,0.035846256,29.31095,0.011330359,4.81016
64,3,0.001,32,0.0001,1.0,0.030176217,29.50174,0.009312015,5.5823793
64,3,0.001,32,0.0001,2.0,0.033799037,29.899109,0.00900032,5.288383
64,3,0.001,32,0.0001,3.0,0.028893817,28.556873,0.008859731,4.2592335
64,3,0.001,32,0.0001,4.0,0.028809156,29.394485,0.007491124,4.6429863
64,3,0.001,32,0.001,1.0,0.03324225,28.43872,0.0094881905,4.0641117
64,3,0.001,32,0.001,2.0,0.03323766,30.18064,0.0060422136,3.35291
64,3,0.001,32,0.001,3.0,0.029887727,29.418106,0.005828462,2.7949052
64,3,0.001,32,0.001,4.0,0.034296263,30.211487,0.009096091,2.5864756
64,3,0.001,32,0.01,1.0,0.044639956,34.117317,0.014940995,8.655867
64,3,0.001,32,0.01,2.0,0.046499558,34.5648,0.012588045,8.426616
64,3,0.001,32,0.01,3.0,0.04580068,35.090862,0.009586193,7.2386713
64,3,0.001,32,0.01,4.0,0.045116846,35.37871,0.009143202,7.822842
64,3,0.001,64,0.0,1.0,0.034149177,32.2921,0.009095704,9.739029
64,3,0.001,64,0.0,2.0,0.029983062,30.799194,0.004281743,4.913115
64,3,0.001,64,0.0,3.0,0.03817915,31.739075,0.011961489,5.4767103
64,3,0.001,64,0.0,4.0,0.03231155,32.172165,0.00985936,2.5442166
64,3,0.001,64,0.0001,1.0,0.032525755,29.8042,0.0059788963,6.848255
64,3,0.001,64,0.0001,2.0,0.035349026,31.40414,0.008459506,5.312497
64,3,0.001,64,0.0001,3.0,0.035203286,32.200985,0.008820188,3.8154879
64,3,0.001,64,0.0001,4.0,0.033394344,31.721945,0.008365329,1.7359636
64,3,0.001,64,0.001,1.0,0.029024389,28.36637,0.005317943,3.4156473
64,3,0.001,64,0.001,2.0,0.031927563,31.656223,0.0077891555,5.5352077
64,3,0.001,64,0.001,3.0,0.033350814,31.020771,0.0073105292,3.222656
64,3,0.001,64,0.001,4.0,0.032892823,30.419369,0.0059410008,1.3655452
64,3,0.001,64,0.01,1.0,0.046806276,35.632317,0.015290431,7.43675
64,3,0.001,64,0.01,2.0,0.047708154,36.00537,0.013558506,8.526096
64,3,0.001,64,0.01,3.0,0.050698906,35.761524,0.011173833,7.715201
64,3,0.001,64,0.01,4.0,0.0499892,36.497578,0.009170068,7.9064064
64,3,0.005,32,0.0,1.0,0.032688215,27.554478,0.010626856,8.019592
64,3,0.005,32,0.0,2.0,0.027208209,25.547525,0.0070721167,4.5319767
64,3,0.005,32,0.0,3.0,0.03654874,29.338907,0.014599065,7.7530165
64,3,0.005,32,0.0,4.0,0.033118833,28.810349,0.009306221,6.921821
64,3,0.005,32,0.0001,1.0,0.027055863,26.342896,0.01013551,4.0888844
64,3,0.005,32,0.0001,2.0,0.025280595,24.713867,0.0069628484,7.144294
64,3,0.005,32,0.0001,3.0,0.028548852,26.53442,0.008879395,6.1509256
64,3,0.005,32,0.0001,4.0,0.03169853,24.437689,0.011268299,7.4483967
64,3,0.005,32,0.001,1.0,0.030113537,26.317953,0.006329492,4.4968967
64,3,0.005,32,0.001,2.0,0.030010447,23.755571,0.0077130194,2.9813092
64,3,0.005,32,0.001,3.0,0.03443187,23.406096,0.0067622,4.8697495
64,3,0.005,32,0.001,4.0,0.031182641,25.355919,0.011510089,5.877197
64,3,0.005,32,0.01,1.0,0.043321483,31.803661,0.00970668,7.503426
64,3,0.005,32,0.01,2.0,0.043368846,33.028336,0.0062628053,9.0994
64,3,0.005,32,0.01,3.0,0.047360282,32.48484,0.01016043,9.900894
64,3,0.005,32,0.01,4.0,0.04500498,33.558533,0.008722613,9.179836
64,3,0.005,64,0.0,1.0,0.037302453,30.08525,0.015028482,5.3904333
64,3,0.005,64,0.0,2.0,0.039791476,27.621561,0.023661295,7.923252
64,3,0.005,64,0.0,3.0,0.04229916,29.336231,0.011878887,7.0837293
64,3,0.005,64,0.0,4.0,0.038542457,31.386078,0.011417022,5.2405953
64,3,0.005,64,0.0001,1.0,0.03308531,30.267033,0.009119712,5.786651
64,3,0.005,64,0.0001,2.0,0.03786374,28.61495,0.010531561,4.767949
64,3,0.005,64,0.0001,3.0,0.03378031,32.87924,0.009118776,7.9630485
64,3,0.005,64,0.0001,4.0,0.038285933,29.642975,0.0080099,6.2281985
64,3,0.005,64,0.001,1.0,0.03157439,25.884075,0.006203517,3.2237573
64,3,0.005,64,0.001,2.0,0.03611027,27.531149,0.0064732363,3.3768797
64,3,0.005,64,0.001,3.0,0.03303628,28.429956,0.011766364,5.1784525
64,3,0.005,64,0.001,4.0,0.034432173,27.494183,0.009456634,2.213452
64,3,0.005,64,0.01,1.0,0.04082643,32.636543,0.011540454,7.4528847
64,3,0.005,64,0.01,2.0,0.044723716,33.23017,0.009625475,7.7796054
64,3,0.005,64,0.01,3.0,0.04518359,33.77366,0.007362513,8.348318
64,3,0.005,64,0.01,4.0,0.04613679,33.2287,0.008025651,8.640535
128,2,0.0001,32,0.0,1.0,0.10874245,62.913994,0.021844923,13.91491
128,2,0.0001,32,0.0,2.0,0.10854516,62.446938,0.021129278,14.773199
128,2,0.0001,32,0.0,3.0,0.11677344,66.069565,0.020008406,15.552089
128,2,0.0001,32,0.0,4.0,0.12351891,68.616394,0.018089477,15.550139
128,2,0.0001,32,0.0001,1.0,0.107760146,62.38799,0.020367682,13.623173
128,2,0.0001,32,0.0001,2.0,0.10754746,62.30445,0.021320725,14.610701
128,2,0.0001,32,0.0001,3.0,0.11636271,66.13014,0.019868013,15.54528
128,2,0.0001,32,0.0001,4.0,0.12309215,68.44416,0.01766059,15.320375
128,2,0.0001,32,0.001,1.0,0.10619352,62.290833,0.020638831,14.591065
128,2,0.0001,32,0.001,2.0,0.10535835,61.608326,0.021363365,14.930688
128,2,0.0001,32,0.001,3.0,0.1142173,65.272446,0.019708782,15.410292
128,2,0.0001,32,0.001,4.0,0.12057235,67.643,0.018273933,15.3704
128,2,0.0001,32,0.01,1.0,0.09907895,63.912964,0.02179963,15.985066
128,2,0.0001,32,0.01,2.0,0.101605736,63.62658,0.020877903,15.75028
128,2,0.0001,32,0.01,3.0,0.10769317,65.80117,0.019976271,15.9749775
128,2,0.0001,32,0.01,4.0,0.11600375,68.48206,0.01956058,16.178133
128,2,0.0001,64,0.0,1.0,0.11959096,72.22661,0.01817697,15.651662
128,2,0.0001,64,0.0,2.0,0.12353499,72.87041,0.017827224,15.842255
128,2,0.0001,64,0.0,3.0,0.13306665,76.639915,0.014901015,16.786991
128,2,0.0001,64,0.0,4.0,0.13716653,81.22539,0.015638286,16.378448
128,2,0.0001,64,0.0001,1.0,0.1194623,72.03252,0.018537272,15.687702
128,2,0.0001,64,0.0001,2.0,0.12371434,72.914635,0.017750489,15.786201
128,2,0.0001,64,0.0001,3.0,0.13114865,78.05437,0.015661497,15.351576
128,2,0.0001,64,0.0001,4.0,0.13725737,81.27799,0.015706357,16.342045
128,2,0.0001,64,0.001,1.0,0.11745821,70.300735,0.018846612,16.835062
128,2,0.0001,64,0.001,2.0,0.11906972,71.131,0.01906556,15.998694
128,2,0.0001,64,0.001,3.0,0.13088496,76.0492,0.014694347,16.818687
128,2,0.0001,64,0.001,4.0,0.13572703,80.760445,0.015311006,15.774598
128,2,0.0001,64,0.01,1.0,0.11078347,71.6772,0.020319186,17.66443
128,2,0.0001,64,0.01,2.0,0.1136073,71.97434,0.018850641,17.380955
128,2,0.0001,64,0.01,3.0,0.12010069,74.3823,0.016446555,17.75699
128,2,0.0001,64,0.01,4.0,0.13063718,78.59651,0.015745653,17.846375
128,2,0.0005,32,0.0,1.0,0.05365222,45.889088,0.014866475,9.686256
128,2,0.0005,32,0.0,2.0,0.047004126,42.07986,0.014776521,8.0197935
128,2,0.0005,32,0.0,3.0,0.04696897,45.1058,0.016065955,10.276983
128,2,0.0005,32,0.0,4.0,0.046891354,45.186016,0.014806491,10.950937
128,2,0.0005,32,0.0001,1.0,0.047411095,44.939636,0.013051723,9.969136
128,2,0.0005,32,0.0001,2.0,0.04096384,40.648777,0.013509962,7.103172
128,2,0.0005,32,0.0001,3.0,0.040448673,42.24846,0.01576599,9.778044
128,2,0.0005,32,0.0001,4.0,0.043092646,41.827446,0.0136886425,10.607043
128,2,0.0005,32,0.001,1.0,0.04738597,44.51725,0.014922145,9.857098
128,2,0.0005,32,0.001,2.0,0.043218765,41.414497,0.012566887,8.41538
128,2,0.0005,32,0.001,3.0,0.04701487,42.35139,0.010702461,9.949043
128,2,0.0005,32,0.001,4.0,0.04213657,41.053978,0.010181082,10.089224
128,2,0.0005,32,0.01,1.0,0.06537526,43.21117,0.01885431,9.9185
128,2,0.0005,32,0.01,2.0,0.066159055,44.501656,0.020076811,9.074498
128,2,0.0005,32,0.01,3.0,0.069422916,46.704044,0.022313874,8.635801
128,2,0.0005,32,0.01,4.0,0.069109485,48.2808,0.023196097,9.4704
128,2,0.0005,64,0.0,1.0,0.06823731,51.303413,0.014472405,10.302319
128,2,0.0005,64,0.0,2.0,0.05799064,46.943268,0.015738886,8.782517
128,2,0.0005,64,0.0,3.0,0.058372628,48.476185,0.0175611,12.469604
128,2,0.0005,64,0.0,4.0,0.05823911,46.565125,0.01729218,10.991354
128,2,0.0005,64,0.0001,1.0,0.062719055,47.70666,0.017876416,9.986822
128,2,0.0005,64,0.0001,2.0,0.05465948,46.316887,0.016190084,9.117955
128,2,0.0005,64,0.0001,3.0,0.05426539,47.591244,0.018565616,12.435396
128,2,0.0005,64,0.0001,4.0,0.05118104,45.62094,0.017526591,10.898126
128,2,0.0005,64,0.001,1.0,0.0635349,46.68051,0.017782925,9.77241
128,2,0.0005,64,0.001,2.0,0.05491191,44.258415,0.012800624,8.915094
128,2,0.0005,64,0.001,3.0,0.053708266,45.34126,0.011374973,11.831925
128,2,0.0005,64,0.001,4.0,0.052647978,43.90905,0.014273132,10.236743
128,2,0.0005,64,0.01,1.0,0.073523834,46.49787,0.021770008,9.575637
128,2,0.0005,64,0.01,2.0,0.077515855,48.84299,0.024472298,8.886812
128,2,0.0005,64,0.01,3.0,0.079061285,50.554085,0.024988445,10.832397
128,2,0.0005,64,0.01,4.0,0.08082537,52.50111,0.023968995,10.923701
128,2,0.001,32,0.0,1.0,0.03959654,37.615547,0.015627349,10.089477
128,2,0.001,32,0.0,2.0,0.038008895,37.030544,0.015908591,9.7086315
128,2,0.001,32,0.0,3.0,0.037458874,36.44381,0.0134531325,9.269376
128,2,0.001,32,0.0,4.0,0.03578141,37.028435,0.012685827,9.862266
128,2,0.001,32,0.0001,1.0,0.03546711,37.890156,0.012602617,10.17417
128,2,0.001,32,0.0001,2.0,0.035170134,36.452778,0.014269337,9.470223
128,2,0.001,32,0.0001,3.0,0.033974685,37.308544,0.014672685,8.919396
128,2,0.001,32,0.0001,4.0,0.036480255,38.2832,0.01372297,9.642469
128,2,0.001,32,0.001,1.0,0.03262808,35.052048,0.012024226,9.346399
128,2,0.001,32,0.001,2.0,0.034368474,35.215145,0.01516248,9.868674
128,2,0.001,32,0.001,3.0,0.03697952,37.13564,0.013655695,9.719451
128,2,0.001,32,0.001,4.0,0.033654563,36.23996,0.013857383,9.470761
128,2,0.001,32,0.01,1.0,0.059163947,41.473354,0.021099964,9.358903
128,2,0.001,32,0.01,2.0,0.05784296,40.980732,0.019953994,9.114105
128,2,0.001,32,0.01,3.0,0.057294976,40.893852,0.01733326,10.584915
128,2,0.001,32,0.01,4.0,0.056385912,40.970814,0.016446354,10.029114
128,2,0.001,64,0.0,1.0,0.050668478,46.22713,0.016021034,11.184312
128,2,0.001,64,0.0,2.0,0.041683264,42.048798,0.015823623,9.445866
128,2,0.001,64,0.0,3.0,0.041320667,40.85136,0.016482595,10.171717
128,2,0.001,64,0.0,4.0,0.041338027,42.66694,0.014775519,10.781624
128,2,0.001,64,0.0001,1.0,0.042576443,43.528343,0.01479504,9.079242
128,2,0.001,64,0.0001,2.0,0.039668787,41.003166,0.012224982,8.570774
128,2,0.001,64,0.0001,3.0,0.03974936,40.705563,0.013606975,9.017363
128,2,0.001,64,0.0001,4.0,0.03744525,41.868927,0.012426902,10.52115
128,2,0.001,64,0.001,1.0,0.041831497,40.974854,0.010307941,9.270385
128,2,0.001,64,0.001,2.0,0.03718566,38.330833,0.01350414,9.99743
128,2,0.001,64,0.001,3.0,0.03837741,39.13318,0.013018315,10.174023
128,2,0.001,64,0.001,4.0,0.037049573,38.678364,0.0131666185,11.325638
128,2,0.001,64,0.01,1.0,0.06259992,42.603645,0.020749083,9.323237
128,2,0.001,64,0.01,2.0,0.063799575,42.267876,0.0202765,9.027081
128,2,0.001,64,0.01,3.0,0.06487726,43.966595,0.020780472,9.435071
128,2,0.001,64,0.01,4.0,0.060526848,43.445885,0.01826567,9.674413
128,2,0.005,32,0.0,1.0,0.03134315,29.4894,0.017941002,11.368938
128,2,0.005,32,0.0,2.0,0.027798658,29.148108,0.0133839715,9.161424
128,2,0.005,32,0.0,3.0,0.028538506,30.027771,0.016183488,11.138691
128,2,0.005,32,0.0,4.0,0.030682122,29.620281,0.012803185,9.688615
128,2,0.005,32,0.0001,1.0,0.026814515,27.933884,0.010745262,6.6038265
128,2,0.005,32,0.0001,2.0,0.02344436,27.582672,0.008083756,7.170655
128,2,0.005,32,0.0001,3.0,0.0284037,29.381481,0.013237141,6.380626
128,2,0.005,32,0.0001,4.0,0.030146461,31.185787,0.009142006,7.8235574
128,2,0.005,32,0.001,1.0,0.029599747,27.699228,0.01021505,3.5201395
128,2,0.005,32,0.001,2.0,0.03190336,26.752178,0.009103413,6.5236406
128,2,0.005,32,0.001,3.0,0.03162343,28.092129,0.007198508,5.9273243
128,2,0.005,32,0.001,4.0,0.030500853,28.174738,0.006374607,6.7246313
128,2,0.005,32,0.01,1.0,0.054405153,39.189148,0.02224413,9.452705
128,2,0.005,32,0.01,2.0,0.055007827,37.287228,0.017996522,8.697937
128,2,0.005,32,0.01,3.0,0.052219115,38.312584,0.01327355,9.913693
128,2,0.005,32,0.01,4.0,0.05289129,38.05683,0.013243784,8.605697
128,2,0.005,64,0.0,1.0,0.03437177,34.48317,0.013241221,6.9289556
128,2,0.005,64,0.0,2.0,0.033717506,33.023766,0.0099870125,8.0168085
128,2,0.005,64,0.0,3.0,0.038461763,34.54219,0.01734523,11.104955
128,2,0.005,64,0.0,4.0,0.034403224,34.61609,0.012982119,8.348329
128,2,0.005,64,0.0001,1.0,0.032170452,31.957174,0.00863317,8.615752
128,2,0.005,64,0.0001,2.0,0.02667121,31.587198,0.010791809,6.7009654
128,2,0.005,64,0.0001,3.0,0.02852653,33.69642,0.014368967,9.828828
128,2,0.005,64,0.0001,4.0,0.0312739,33.00634,0.009552554,8.4309025
128,2,0.005,64,0.001,1.0,0.03132882,30.812733,0.007973398,6.697899
128,2,0.005,64,0.001,2.0,0.03076616,29.72258,0.008357108,7.2189493
128,2,0.005,64,0.001,3.0,0.034042038,30.018112,0.011067925,8.165438
128,2,0.005,64,0.001,4.0,0.0296246,30.61054,0.00875026,6.5335526
128,2,0.005,64,0.01,1.0,0.058508556,40.22429,0.018358989,9.93518
128,2,0.005,64,0.01,2.0,0.054867826,39.839867,0.01677115,9.754483
128,2,0.005,64,0.01,3.0,0.056325357,37.93659,0.015028828,11.230915
128,2,0.005,64,0.01,4.0,0.055451084,38.16162,0.013812988,10.094285
128,3,0.0001,32,0.0,1.0,0.06628643,48.756813,0.018254459,13.4495125
128,3,0.0001,32,0.0,2.0,0.060714267,47.063263,0.018790362,13.284728
128,3,0.0001,32,0.0,3.0,0.05832219,46.220417,0.014649232,12.241945
128,3,0.0001,32,0.0,4.0,0.059267215,47.866768,0.016700396,14.970668
128,3,0.0001,32,0.0001,1.0,0.060542416,46.23952,0.015960341,11.55626
128,3,0.0001,32,0.0001,2.0,0.054991245,44.07074,0.016008789,12.597041
128,3,0.0001,32,0.0001,3.0,0.051945157,44.52417,0.014575929,14.219402
128,3,0.0001,32,0.0001,4.0,0.053689294,46.750633,0.014905519,15.508296
128,3,0.0001,32,0.001,1.0,0.05992859,44.463814,0.018069401,11.29091
128,3,0.0001,32,0.001,2.0,0.052552648,42.851196,0.012133134,12.272592
128,3,0.0001,32,0.001,3.0,0.054597743,45.031685,0.012560927,13.428464
128,3,0.0001,32,0.001,4.0,0.052528273,46.14334,0.0137748625,14.18357
128,3,0.0001,32,0.01,1.0,0.070523486,46.890846,0.018175328,11.489366
128,3,0.0001,32,0.01,2.0,0.06924789,48.503555,0.015979586,11.59566
128,3,0.0001,32,0.01,3.0,0.071434274,51.626534,0.016439628,12.77817
128,3,0.0001,32,0.01,4.0,0.07357676,52.32196,0.016258374,12.644782
128,3,0.0001,64,0.0,1.0,0.089254454,53.133778,0.024575157,15.12022
128,3,0.0001,64,0.0,2.0,0.08080349,52.75047,0.022607302,14.828245
128,3,0.0001,64,0.0,3.0,0.079448245,52.41944,0.019585997,15.3631115
128,3,0.0001,64,0.0,4.0,0.08115221,54.636986,0.018198853,15.300999
128,3,0.0001,64,0.0001,1.0,0.08607365,50.946007,0.021494001,13.069473
128,3,0.0001,64,0.0001,2.0,0.074243985,49.783913,0.021439042,14.685916
128,3,0.0001,64,0.0001,3.0,0.07076562,51.214245,0.01911883,16.583708
128,3,0.0001,64,0.0001,4.0,0.073308624,52.350983,0.017679274,14.747874
128,3,0.0001,64,0.001,1.0,0.08267029,50.40017,0.022061309,13.011177
128,3,0.0001,64,0.001,2.0,0.07625563,50.430573,0.023231335,14.959455
128,3,0.0001,64,0.001,3.0,0.07567553,51.121727,0.022300508,15.587423
128,3,0.0001,64,0.001,4.0,0.07448689,52.548157,0.019021776,15.169814
128,3,0.0001,64,0.01,1.0,0.081276104,50.882618,0.022360414,13.493202
128,3,0.0001,64,0.01,2.0,0.08050249,52.42043,0.017871147,14.248559
128,3,0.0001,64,0.01,3.0,0.0822863,55.560585,0.018871775,13.458707
128,3,0.0001,64,0.01,4.0,0.08477752,56.74287,0.020163499,12.983619
128,3,0.0005,32,0.0,1.0,0.032292403,35.663635,0.011027162,12.168735
128,3,0.0005,32,0.0,2.0,0.029773632,35.64587,0.0106850825,14.30816
128,3,0.0005,32,0.0,3.0,0.033794925,36.87564,0.011582401,11.316616
128,3,0.0005,32,0.0,4.0,0.036885343,37.201492,0.010987193,13.795275
128,3,0.0005,32,0.0001,1.0,0.03669575,34.041912,0.01485992,11.35222
128,3,0.0005,32,0.0001,2.0,0.03218349,34.40363,0.011525221,13.448233
128,3,0.0005,32,0.0001,3.0,0.037214525,35.57699,0.012743945,12.257179
128,3,0.0005,32,0.0001,4.0,0.033139445,36.437416,0.009594697,12.372835
128,3,0.0005,32,0.001,1.0,0.033436958,34.285923,0.008177812,9.665061
128,3,0.0005,32,0.001,2.0,0.03256414,34.254494,0.010028106,10.790281
128,3,0.0005,32,0.001,3.0,0.03445974,34.852257,0.008889214,11.816597
128,3,0.0005,32,0.001,4.0,0.039747458,35.86947,0.023396617,10.493524
128,3,0.0005,32,0.01,1.0,0.04786817,35.864983,0.01722946,7.342758
128,3,0.0005,32,0.01,2.0,0.04797722,37.387215,0.009888623,9.581917
128,3,0.0005,32,0.01,3.0,0.045931555,38.489834,0.010401401,10.247004
128,3,0.0005,32,0.01,4.0,0.04591862,39.63995,0.0101498235,9.97427
128,3,0.0005,64,0.0,1.0,0.040767755,42.45234,0.011901162,13.188077
128,3,0.0005,64,0.0,2.0,0.037928555,41.44107,0.015806828,16.483536
128,3,0.0005,64,0.0,3.0,0.037263077,38.611755,0.015517655,13.625109
128,3,0.0005,64,0.0,4.0,0.033413254,39.230762,0.009255956,13.279056
128,3,0.0005,64,0.0001,1.0,0.03577672,38.235733,0.011481403,11.809876
128,3,0.0005,64,0.0001,2.0,0.033617415,37.943207,0.01494867,14.89601
128,3,0.0005,64,0.0001,3.0,0.033689562,38.20068,0.016018625,14.073954
128,3,0.0005,64,0.0001,4.0,0.033388857,39.338646,0.015356773,14.228134
128,3,0.0005,64,0.001,1.0,0.037329122,37.038788,0.011028723,9.736153
128,3,0.0005,64,0.001,2.0,0.03524936,37.05199,0.0114077255,13.605213
128,3,0.0005,64,0.001,3.0,0.032482024,36.970604,0.00704853,13.474974
128,3,0.0005,64,0.001,4.0,0.034103848,37.99276,0.009672274,13.407982
128,3,0.0005,64,0.01,1.0,0.052511502,38.319557,0.014808042,8.756923
128,3,0.0005,64,0.01,2.0,0.049264837,39.20741,0.011884533,11.320384
128,3,0.0005,64,0.01,3.0,0.04845664,40.538116,0.010888031,10.995409
128,3,0.0005,64,0.01,4.0,0.050414555,41.737556,0.011543455,11.143804
128,3,0.001,32,0.0,1.0,0.0341549,32.074974,0.01548428,8.938987
128,3,0.001,32,0.0,2.0,0.033870466,30.144253,0.010478841,7.671051
128,3,0.001,32,0.0,3.0,0.031457476,32.96594,0.011550745,8.368661
128,3,0.001,32,0.0,4.0,0.036716215,33.055897,0.0113278655,8.250267
128,3,0.001,32,0.0001,1.0,0.029510641,30.602942,0.00955486,8.026516
128,3,0.001,32,0.0001,2.0,0.02891272,32.796165,0.008368431,7.9539104
128,3,0.001,32,0.0001,3.0,0.028625533,30.485107,0.0099856695,6.995621
128,3,0.001,32,0.0001,4.0,0.032363676,32.67738,0.013698438,7.5579987
128,3,0.001,32,0.001,1.0,0.03294644,29.155115,0.0072883116,5.4700227
128,3,0.001,32,0.001,2.0,0.03271464,31.306545,0.0065995743,5.563935
128,3,0.001,32,0.001,3.0,0.03321082,33.899002,0.012047629,9.712328
128,3,0.001,32,0.001,4.0,0.035907328,33.795906,0.013382612,9.199606
128,3,0.001,32,0.01,1.0,0.046045303,32.55192,0.014878472,8.705245
128,3,0.001,32,0.01,2.0,0.048835907,33.66439,0.009244535,8.240809
128,3,0.001,32,0.01,3.0,0.047182567,35.503044,0.008687734,8.470488
128,3,0.001,32,0.01,4.0,0.0449887,36.32187,0.009559365,8.693809
128,3,0.001,64,0.0,1.0,0.039650153,37.665565,0.0075717308,11.1121645
128,3,0.001,64,0.0,2.0,0.039153017,36.783607,0.014835581,12.055228
128,3,0.001,64,0.0,3.0,0.033221297,40.656963,0.010466012,14.796766
128,3,0.001,64,0.0,4.0,0.040999573,41.474583,0.014486228,17.00294
128,3,0.001,64,0.0001,1.0,0.0353603,35.16723,0.015145352,10.765504
128,3,0.001,64,0.0001,2.0,0.031943366,37.534786,0.010027519,13.827208
128,3,0.001,64,0.0001,3.0,0.033951834,38.546272,0.015927656,13.994741
128,3,0.001,64,0.0001,4.0,0.036453784,40.015488,0.01648511,15.806863
128,3,0.001,64,0.001,1.0,0.030825043,32.8403,0.0072997785,7.649368
128,3,0.001,64,0.001,2.0,0.035032406,34.92939,0.009874112,10.578789
128,3,0.001,64,0.001,3.0,0.033154827,35.850056,0.010635599,10.211908
128,3,0.001,64,0.001,4.0,0.036259573,35.32503,0.00984861,7.0550575
128,3,0.001,64,0.01,1.0,0.046492837,33.265465,0.0141700255,8.145856
128,3,0.001,64,0.01,2.0,0.045583315,35.150513,0.013126967,9.512188
128,3,0.001,64,0.01,3.0,0.048285663,37.714954,0.010631962,10.44036
128,3,0.001,64,0.01,4.0,0.048632793,37.861034,0.011155127,10.825157
128,3,0.005,32,0.0,1.0,0.027196774,31.166077,0.009240992,11.010031
128,3,0.005,32,0.0,2.0,0.032398567,29.46196,0.013753024,8.21408
128,3,0.005,32,0.0,3.0,0.030363321,28.062336,0.006116972,4.6624064
128,3,0.005,32,0.0,4.0,0.028009549,27.65307,0.012709108,5.1273227
128,3,0.005,32,0.0001,1.0,0.031724047,28.223566,0.008856279,9.931105
128,3,0.005,32,0.0001,2.0,0.027940804,27.211147,0.008951356,6.4185305
128,3,0.005,32,0.0001,3.0,0.03095496,27.622395,0.013456635,9.451883
128,3,0.005,32,0.0001,4.0,0.030964911,27.110416,0.0127784265,6.2707906
128,3,0.005,32,0.001,1.0,0.030093258,27.743967,0.004605656,5.0921884
128,3,0.005,32,0.001,2.0,0.029466921,26.750793,0.008182572,5.1272545
128,3,0.005,32,0.001,3.0,0.032734837,27.145794,0.006266768,6.6068206
128,3,0.005,32,0.001,4.0,0.03508127,26.823063,0.011662075,6.2053504
128,3,0.005,32,0.01,1.0,0.042303152,32.15715,0.012292459,8.236998
128,3,0.005,32,0.01,2.0,0.042494908,31.426718,0.008334365,7.8131084
128,3,0.005,32,0.01,3.0,0.04335793,32.861717,0.010354404,6.6941924
128,3,0.005,32,0.01,4.0,0.047176093,31.98794,0.009188808,7.47434
128,3,0.005,64,0.0,1.0,0.03696123,28.595592,0.009890632,8.283317
128,3,0.005,64,0.0,2.0,0.034511037,28.990574,0.006849741,6.0828786
128,3,0.005,64,0.0,3.0,0.029788876,28.092632,0.004814935,3.5167108
128,3,0.005,64,0.0,4.0,0.042140644,30.761501,0.009457984,6.410636
128,3,0.005,64,0.0001,1.0,0.032338046,28.069345,0.0070856106,8.389449
128,3,0.005,64,0.0001,2.0,0.03168552,30.626196,0.008852397,6.5317397
128,3,0.005,64,0.0001,3.0,0.03887214,28.18483,0.01194974,2.8475616
128,3,0.005,64,0.0001,4.0,0.032186337,29.450367,0.008780476,5.4725547
128,3,0.005,64,0.001,1.0,0.031263627,26.63677,0.0054350155,4.9491787
128,3,0.005,64,0.001,2.0,0.035787653,28.772654,0.010419803,5.4364886
128,3,0.005,64,0.001,3.0,0.034973316,30.690496,0.0105589945,5.341998
128,3,0.005,64,0.001,4.0,0.03436961,30.730997,0.010591323,4.193935
128,3,0.005,64,0.01,1.0,0.042855505,31.693594,0.014227009,7.9840894
128,3,0.005,64,0.01,2.0,0.041890457,32.844624,0.007437195,7.027377
128,3,0.005,64,0.01,3.0,0.044213258,33.18565,0.007905367,7.320869
128,3,0.005,64,0.01,4.0,0.045557495,32.397926,0.011665828,8.599589
